RES_NUM,AMINO_ACID,A,C,D,E,F,G,H,I,K,L,M,N,P,Q,R,S,T,V,W,Y
1,M,0.0,0.0,0.0,0.0,0.0,0.0,0.0,0.0,0.0,0.0,1.0,0.0,0.0,0.0,0.0,0.0,0.0,0.0,0.0,0.0
2,G,0.0,0.0,0.0,0.0,0.0,1.0,0.0,0.0,0.0,0.0,0.0,0.0,0.0,0.0,0.0,0.0,0.0,0.0,0.0,0.0
3,S,0.0,0.0,0.0,0.0,0.0,0.0,0.0,0.0,0.0,0.0,0.0,0.0,0.0,0.0,0.0,1.0,0.0,0.0,0.0,0.0
4,D,0.0,0.0,1.0,0.0,0.0,0.0,0.0,0.0,0.0,0.0,0.0,0.0,0.0,0.0,0.0,0.0,0.0,0.0,0.0,0.0
5,K,0.0,0.0,0.0,0.0,0.0,0.0,0.07608695328235626,0.0,0.695652186870575,0.0,0.16304348409175873,0.0,0.0,0.0,0.0,0.06521739065647125,0.0,0.0,0.0,0.0
6,I,0.0,0.0,0.0,0.0,0.0,0.0,0.0,0.4602648913860321,0.0,0.21192052960395813,0.046357616782188416,0.0,0.0,0.0,0.0,0.0,0.0,0.28145694732666016,0.0,0.0
7,H,0.0,0.0,0.25242719054222107,0.02669902890920639,0.0,0.0,0.3300970792770386,0.0,0.08252426981925964,0.0,0.0,0.19174757599830627,0.0,0.029126213863492012,0.02669902890920639,0.02669902890920639,0.033980581909418106,0.0,0.0,0.0
8,H,0.18913480639457703,0.0,0.0040241447277367115,0.02213279716670513,0.0,0.0,0.08584842085838318,0.1589537262916565,0.028169013559818268,0.0,0.3346747159957886,0.009389671497046947,0.0026827631518244743,0.0,0.008048289455473423,0.012743125669658184,0.020791415125131607,0.12340711057186127,0.0,0.0
9,H,0.14854802191257477,0.0,0.022710349410772324,0.28890544176101685,0.0,0.0,0.06775874644517899,0.0,0.13886821269989014,0.0,0.04504840075969696,0.024199552834033966,0.006329114083200693,0.09865971654653549,0.05807892605662346,0.07110945880413055,0.010424423031508923,0.019359642639756203,0.0,0.0
10,H,0.15520000457763672,0.0,0.07903999835252762,0.1849599927663803,0.0035200000274926424,0.0,0.053119998425245285,0.0,0.08928000181913376,0.01696000061929226,0.0028800000436604023,0.02175999991595745,0.0035200000274926424,0.08352000266313553,0.14207999408245087,0.11072000116109848,0.029440000653266907,0.024000000208616257,0.0,0.0
11,H,0.025176234543323517,0.004279959946870804,0.011077542789280415,0.03147029131650925,0.0,0.0,0.03474320098757744,0.00453172205016017,0.6017119884490967,0.027945619076490402,0.013595166616141796,0.0709969773888588,0.007552870083600283,0.018882175907492638,0.037764351814985275,0.01812688820064068,0.06495468318462372,0.027190333232283592,0.0,0.0
12,H,0.05179200321435928,0.0,0.04205510765314102,0.07022995501756668,0.0,0.013673088513314724,0.054692354053258896,0.0,0.3126165270805359,0.003729024203494191,0.019888129085302353,0.09902630746364594,0.0,0.12388647347688675,0.14128857851028442,0.03066086582839489,0.010979904793202877,0.024445826187729836,0.0,0.001035840017721057
13,M,0.057267919182777405,0.0,0.05909173935651779,0.03811781853437424,0.002735728630796075,0.06073317676782608,0.0109429145231843,0.002006201073527336,0.08316615223884583,0.0,0.024986321106553078,0.0729527622461319,0.015502462163567543,0.011125296354293823,0.01568484492599964,0.3503556549549103,0.19387197494506836,0.0,0.0,0.0014590552309527993
14,T,0.00908640306442976,0.006773500703275204,0.0,0.026598380878567696,0.032215431332588196,0.0023129025939852,0.03651082143187523,0.001652073347941041,0.11878407746553421,0.07037832587957382,0.015529489144682884,0.26317527890205383,0.1688418984413147,0.01866842806339264,0.17165042459964752,0.005947464145720005,0.026763588190078735,0.019824881106615067,0.0,0.005286634899675846
15,P,0.0,0.0,0.0,0.0,0.008846903219819069,0.0,0.0,0.15459589660167694,0.0,0.6363772749900818,0.004948268178850412,0.0,0.04843304678797722,0.0,0.0,0.0022492127027362585,0.0,0.1445494145154953,0.0,0.0
16,V,0.0258620698004961,0.42702141404151917,0.0,0.0,0.07476218789815903,0.0,0.0,0.2575802505016327,0.0,0.0179845429956913,0.012187871150672436,0.0,0.0,0.054250892251729965,0.0,0.018727704882621765,0.013822830282151699,0.09155766665935516,0.0,0.006242568138986826
17,L,0.10758480429649353,0.011209783144295216,0.0,0.0,0.029989808797836304,0.0,0.0,0.11515504121780396,0.0,0.19362352788448334,0.0010190712055191398,0.0,0.0,0.0,0.0,0.0,0.0011646527564153075,0.5402533411979675,0.0,0.0
18,S,0.49065351486206055,0.0,0.0,0.0,0.0,0.30633240938186646,0.0,0.0,0.0,0.0,0.0,0.0018837850075215101,0.003912476357072592,0.0,0.0,0.19721779227256775,0.0,0.0,0.0,0.0
19,L,0.13691683113574982,0.025499854236841202,0.004056795034557581,0.0,0.01115618646144867,0.0,0.0,0.16299623250961304,0.0,0.5728774070739746,0.027093596756458282,0.0033323673997074366,0.001883512013591826,0.0,0.0,0.0007244276930578053,0.0,0.041437264531850815,0.0120254997164011,0.0
20,D,0.01561144832521677,0.0,0.984388530254364,0.0,0.0,0.0,0.0,0.0,0.0,0.0,0.0,0.0,0.0,0.0,0.0,0.0,0.0,0.0,0.0,0.0
21,M,0.02356172353029251,0.0008673027041368186,0.0,0.004191963002085686,0.08542931824922562,0.017779706045985222,0.0,0.023128071799874306,0.009829430840909481,0.10378722101449966,0.02760913595557213,0.009395779110491276,0.2565770447254181,0.0,0.004770164843648672,0.032668400555849075,0.08412835747003555,0.2606244683265686,0.0,0.05565192177891731
22,E,0.045311156660318375,0.0008603383903391659,0.11356467008590698,0.07570978254079819,0.0015772870974615216,0.012905076146125793,0.11973042786121368,0.007886434905230999,0.024806423112750053,0.02753082849085331,0.02494981326162815,0.02494981326162815,0.1691998839378357,0.011614568531513214,0.07370232045650482,0.08345282822847366,0.1564382016658783,0.017780326306819916,0.001864066580310464,0.006165758706629276
23,D,0.034700315445661545,0.0007169486489146948,0.163034126162529,0.07456266134977341,0.0024376255460083485,0.009893891401588917,0.024089476093649864,0.03584743291139603,0.04014912620186806,0.08015485852956772,0.0031545741949230433,0.12890736758708954,0.09535416960716248,0.017350157722830772,0.028391167521476746,0.07857757061719894,0.17249785363674164,0.007169486489146948,0.003011184511706233,0.0
24,P,0.14572377502918243,0.0016606698045507073,0.027677830308675766,0.10254636406898499,0.04317741468548775,0.031691115349531174,0.01785220019519329,0.05120398476719856,0.09299750626087189,0.06615001708269119,0.006781068164855242,0.01245502382516861,0.04732909053564072,0.018267367035150528,0.061998337507247925,0.0734846368432045,0.12496539950370789,0.02975366823375225,0.03874896094202995,0.005535565782338381
25,I,0.027651671320199966,0.031366076320409775,0.027651671320199966,0.03741917759180069,0.004814967513084412,0.0,0.001238134573213756,0.08818269520998001,0.1646718978881836,0.44600358605384827,0.010730499401688576,0.006878525018692017,0.0,0.015683038160204887,0.10097675025463104,0.006878525018692017,0.011280781589448452,0.010868069715797901,0.0,0.007703948300331831
26,R,0.12763386964797974,0.0018789424793794751,0.11555495858192444,0.17581532895565033,0.008992081508040428,0.02187625877559185,0.007784190122038126,0.01422627829015255,0.07475506514310837,0.00563682708889246,0.000805261021014303,0.023486780002713203,0.0004026305105071515,0.050597235560417175,0.18037846684455872,0.060797207057476044,0.06052878871560097,0.0020131526980549097,0.0045631458051502705,0.06227352097630501
27,F,0.0015993602573871613,0.02105824276804924,0.0,0.0017326403176411986,0.09809409826993942,0.0,0.0,0.3422631025314331,0.003598560579121113,0.3290683627128601,0.016393441706895828,0.003065440570935607,0.0,0.0007996801286935806,0.0,0.0014660801971331239,0.022924164310097694,0.12355057895183563,0.03371984511613846,0.0006664001266472042
28,I,0.2703816890716553,0.018353505060076714,0.0,0.0,0.003723899368196726,0.0,0.0,0.2818194031715393,0.0,0.1638515740633011,0.0015959568554535508,0.0,0.0,0.0,0.0,0.005186859983950853,0.036973003298044205,0.21532118320465088,0.0,0.002792924642562866
29,D,0.06530123949050903,0.0,0.48118099570274353,0.16092565655708313,0.0,0.02114642970263958,0.002260938985273242,0.0006649820716120303,0.07926586270332336,0.0,0.0,0.0573214516043663,0.0014629604993388057,0.012634659186005592,0.051070619374513626,0.031254157423973083,0.012767654843628407,0.019683469086885452,0.0,0.0030589173547923565
30,E,0.28873521089553833,0.0010639713145792484,0.024072350934147835,0.108658067882061,0.003989892080426216,0.0010639713145792484,0.011171698570251465,0.004122888669371605,0.1756882518529892,0.057055458426475525,0.021412421017885208,0.05532650649547577,0.00704880990087986,0.07208405435085297,0.06902513653039932,0.04215986281633377,0.04016491398215294,0.017156537622213364,0.0,0.0
31,N,0.2207980901002884,0.0044926004484295845,0.06157505139708519,0.04505813866853714,0.022991543635725975,0.2506606876850128,0.021538054570555687,0.0058139534667134285,0.0836416482925415,0.023520084097981453,0.0,0.03911205008625984,0.003435517894104123,0.02074524387717247,0.032901693135499954,0.08417019248008728,0.007531712297350168,0.017177589237689972,0.0018498942954465747,0.052986256778240204
32,G,0.019157087430357933,0.0,0.21244549751281738,0.14493328332901,0.0,0.11586735397577286,0.011230017058551311,0.0,0.03157616779208183,0.0015854141674935818,0.0,0.02972651645541191,0.3433742821216583,0.010965781286358833,0.02787686698138714,0.04610912874341011,0.005152596160769463,0.0,0.0,0.0
33,S,0.028141101822257042,0.0,0.03316158056259155,0.07200422883033752,0.039106883108615875,0.028933808207511902,0.1067512184381485,0.04267406463623047,0.028141101822257042,0.12075571715831757,0.0,0.02378121204674244,0.0031708283349871635,0.02232791669666767,0.03527546674013138,0.1149425283074379,0.044920068234205246,0.01981767825782299,0.0,0.23609459400177002
34,F,0.14272534847259521,0.02029520273208618,0.019372694194316864,0.007511860691010952,0.04217185080051422,0.0035582499112933874,0.01818661019206047,0.21718503534793854,0.030442804098129272,0.04296257346868515,0.0030311017762869596,0.00869794376194477,0.008434370160102844,0.008961518295109272,0.012651555240154266,0.013705851510167122,0.008170795626938343,0.3903532028198242,0.0,0.0015814444050192833
35,E,0.1840200126171112,0.2252204865217209,0.06160326302051544,0.02079768292605877,0.018559958785772324,0.0892457515001297,0.004080558195710182,0.06384099274873734,0.0034224034752696753,0.07897854596376419,0.006713176146149635,0.008950901217758656,0.05818086117506027,0.0017112017376348376,0.004080558195710182,0.048440173268318176,0.007502961903810501,0.10490982979536057,0.0005265236250124872,0.00921416375786066
36,V,0.20817700028419495,0.061974383890628815,0.0019407426007092,0.0,0.06934920698404312,0.09949540346860886,0.0016819769516587257,0.08086428046226501,0.006080993451178074,0.10415318608283997,0.06727907806634903,0.0,0.0015525941271334887,0.0031051882542669773,0.038297321647405624,0.008927416056394577,0.027299780398607254,0.17725449800491333,0.03402768820524216,0.00853926781564951
37,V,0.010090555995702744,0.0,0.0,0.0,0.13014230132102966,0.0,0.0,0.13441137969493866,0.0,0.2014230340719223,0.004657180048525333,0.0,0.0076326001435518265,0.0,0.0,0.0,0.0,0.32768434286117554,0.0073738680221140385,0.17658473551273346
38,K,0.0011633919784799218,0.0,0.0,0.04912099242210388,0.0,0.0,0.0,0.0,0.9497156143188477,0.0,0.0,0.0,0.0,0.0,0.0,0.0,0.0,0.0,0.0,0.0
39,V,0.007239819038659334,0.0,0.0,0.0,0.04809308424592018,0.0,0.0,0.19650937616825104,0.0,0.03438914194703102,0.023012282326817513,0.0,0.2702004015445709,0.0,0.0,0.0,0.18422754108905792,0.2363283783197403,0.0,0.0
40,G,0.0,0.0,0.0,0.0,0.0,0.39715760946273804,0.18927648663520813,0.0,0.0,0.0,0.0,0.11666666716337204,0.0,0.2739018201828003,0.0,0.0023255813866853714,0.02067183516919613,0.0,0.0,0.0
41,H,0.048191215842962265,0.0027131782844662666,0.0,0.0,0.028294574469327927,0.0,0.02622739039361477,0.17273901402950287,0.04909560829401016,0.2224806249141693,0.05994832143187523,0.011111111380159855,0.0014211885863915086,0.0,0.0018087854841724038,0.03385012969374657,0.07803617417812347,0.1687338501214981,0.010335917584598064,0.08501292020082474
42,N,0.3590041399002075,0.0,0.1889834851026535,0.2263931930065155,0.0,0.038957688957452774,0.002966976258903742,0.007094943430274725,0.0027089782524853945,0.0,0.0,0.01909184642136097,0.09739422053098679,0.033023737370967865,0.013415892608463764,0.0030959751456975937,0.0018059855792671442,0.0060629514046013355,0.0,0.0
43,L,0.014062701724469662,0.0061927493661642075,0.0,0.0,0.35440587997436523,0.0,0.0,0.14269126951694489,0.0007740936707705259,0.28731775283813477,0.08244097232818604,0.0,0.0,0.001419171690940857,0.0,0.010192233137786388,0.007740936707705259,0.016126951202750206,0.0,0.07663527131080627
44,A,0.039225805550813675,0.005677419248968363,0.002709677442908287,0.004387096967548132,0.3996129035949707,0.0,0.009677419438958168,0.06141935661435127,0.003612903179600835,0.11380644887685776,0.005161290522664785,0.0,0.0,0.011354838497936726,0.004129032138735056,0.0,0.0018064515898004174,0.07199999690055847,0.0007741935551166534,0.26464515924453735
45,I,0.06512226164340973,0.0054054055362939835,0.01093951053917408,0.3509652614593506,0.012226512655615807,0.0005148005438968539,0.0054054055362939835,0.06319176405668259,0.035907335579395294,0.06344916671514511,0.010553410276770592,0.039768338203430176,0.004375804215669632,0.001287001301534474,0.0005148005438968539,0.0714285746216774,0.16087515652179718,0.019433720037341118,0.0,0.07863578200340271
46,H,0.057480111718177795,0.02617398090660572,0.018090838566422462,0.09982037544250488,0.19989736378192902,0.05388760566711426,0.06594816595315933,0.010520913638174534,0.032717473804950714,0.12342827767133713,0.00923787523061037,0.02129843458533287,0.0014113420620560646,0.011675648391246796,0.014883243478834629,0.02270977757871151,0.04849884659051895,0.013471901416778564,0.009879394434392452,0.15896843373775482
47,G,0.022199276834726334,0.0,0.04181724414229393,0.0,0.0005162622546777129,0.7640681266784668,0.0029685080517083406,0.0,0.00141972117125988,0.004130098037421703,0.0,0.008905524387955666,0.0,0.0,0.014455343596637249,0.06737222522497177,0.06685595959424973,0.0007743933820165694,0.0,0.004517294932156801
48,K,0.09220130741596222,0.012805736623704433,0.009604303166270256,0.042515046894550323,0.030989883467555046,0.011012934148311615,0.010244589298963547,0.05468049645423889,0.05954667553305626,0.11960558593273163,0.024971187114715576,0.010244589298963547,0.20220258831977844,0.01933666318655014,0.03470354899764061,0.15059547126293182,0.013958252966403961,0.06530925631523132,0.011140991002321243,0.024330900982022285
49,K,0.09110657125711441,0.0,0.10503450036048889,0.2899309992790222,0.0008944543660618365,0.02402248978614807,0.004727830179035664,0.0015333503251895308,0.1598517745733261,0.025428060442209244,0.009455660358071327,0.0434449277818203,0.042933810502290726,0.05609506741166115,0.06184513121843338,0.04497827589511871,0.013416815549135208,0.017633529379963875,0.0,0.007666751742362976
50,I,0.04961734637618065,0.0,0.0,0.0034438774455338717,0.09323979914188385,0.1730867326259613,0.0,0.1487244963645935,0.0030612244736403227,0.15433673560619354,0.002806122414767742,0.0,0.048852041363716125,0.01645408198237419,0.0,0.0053571430034935474,0.15000000596046448,0.14400510489940643,0.0007653061184100807,0.0062500000931322575
51,F,0.07749171555042267,0.03466734662652016,0.0,0.0,0.059393320232629776,0.007392301689833403,0.0,0.2724955379962921,0.0,0.2296711653470993,0.0237063467502594,0.0,0.0,0.0,0.0,0.0012745348503813148,0.015549324452877045,0.23578894138336182,0.026000509038567543,0.016568953171372414
52,D,0.1527777761220932,0.0,0.08983180671930313,0.1332823634147644,0.0019113150192424655,0.007772680837661028,0.01987767592072487,0.0019113150192424655,0.15519878268241882,0.022171253338456154,0.002166156889870763,0.027522936463356018,0.0005096839740872383,0.07199286669492722,0.08549948781728745,0.1515035629272461,0.06791539490222931,0.005224260967224836,0.0,0.002930683083832264
53,E,0.14509554207324982,0.0,0.03579617664217949,0.20624203979969025,0.002420382108539343,0.020254777744412422,0.03363057225942612,0.01554140169173479,0.09592356532812119,0.10471337288618088,0.00458598742261529,0.017070064321160316,0.0028025477658957243,0.04420382156968117,0.03757961839437485,0.03859872743487358,0.015031847171485424,0.021019108593463898,0.010573248378932476,0.14891719818115234
54,L,0.16507451236248016,0.0,0.0,0.0,0.02878614142537117,0.0,0.0,0.15921539068222046,0.0,0.5823462009429932,0.032352566719055176,0.0,0.0,0.0007642338750883937,0.0,0.005222264677286148,0.0,0.020889058709144592,0.0006368615431711078,0.004712775349617004
55,A,0.12137404829263687,0.004071246832609177,0.004071246832609177,0.09554707258939743,0.0,0.0,0.030661577358841896,0.02671755664050579,0.26437658071517944,0.012849872931838036,0.003435114398598671,0.055216286331415176,0.0,0.058396946638822556,0.24223919212818146,0.034987278282642365,0.009033079259097576,0.02786259539425373,0.0062340968288481236,0.002926208544522524
56,K,0.10498854517936707,0.0022906591184437275,0.05421226844191551,0.2305930256843567,0.0,0.02748791128396988,0.004581318236887455,0.003054212313145399,0.2046322226524353,0.023670144379138947,0.0,0.03830491378903389,0.0,0.09544413536787033,0.0735556110739708,0.12038686871528625,0.014507507905364037,0.0017816238105297089,0.0005090353661216795,0.0
57,R,0.07344332337379456,0.007716870866715908,0.028871741145849228,0.013437998481094837,0.019292175769805908,0.023815859109163284,0.21075040102005005,0.004390633199363947,0.09113890677690506,0.0792974978685379,0.03751995787024498,0.0051889303140342236,0.12772750854492188,0.04403938353061676,0.11402341723442078,0.06013837084174156,0.03924960270524025,0.011043108068406582,0.0,0.008914316073060036
58,N,0.01994524896144867,0.0018250554567202926,0.11406596004962921,0.04210663586854935,0.002737583126872778,0.5406075119972229,0.020205970853567123,0.003910833038389683,0.03611002489924431,0.0,0.0,0.16295138001441956,0.003389388555660844,0.014991526491940022,0.010559248737990856,0.004171555396169424,0.004692999646067619,0.006648416165262461,0.005084082949906588,0.005996610503643751
59,L,0.07956138998270035,0.033150579780340195,0.004972586873918772,0.0030600535683333874,0.26074206829071045,0.02817799337208271,0.03723065182566643,0.07688384503126144,0.08223894238471985,0.21739129722118378,0.003315058071166277,0.002677546814084053,0.02014535292983055,0.02014535292983055,0.006502613890916109,0.006502613890916109,0.01683029532432556,0.07764885574579239,0.008797653950750828,0.014025245793163776
60,K,0.0030283911619335413,0.0,0.05287066102027893,0.06473185867071152,0.06839116662740707,0.0013880126643925905,0.0,0.07747633755207062,0.10018927603960037,0.31621450185775757,0.023343848064541817,0.017413249239325523,0.15558359026908875,0.013501577079296112,0.05539432168006897,0.015394321642816067,0.007318612188100815,0.01716088317334652,0.0,0.010599369183182716
61,I,0.003394091734662652,0.005153991281986237,0.0,0.0,0.009679446928203106,0.0,0.0,0.3573852777481079,0.0,0.08221244812011719,0.000502828392200172,0.0,0.0,0.0,0.014833438210189342,0.014959145337343216,0.07957259565591812,0.41923317313194275,0.0,0.013073538430035114
62,I,0.0,0.0,0.0,0.0,0.47613096237182617,0.0,0.0,0.3455386161804199,0.0,0.090602345764637,0.036490876227617264,0.0,0.0,0.0,0.0,0.0,0.0,0.04736315831542015,0.0038740315940231085,0.0
63,L,0.21587499976158142,0.007000000216066837,0.0,0.1940000057220459,0.020375000312924385,0.04125000163912773,0.0,0.0044999998062849045,0.0,0.4465000033378601,0.00774999987334013,0.0,0.0,0.0,0.0,0.012749999761581421,0.013500000350177288,0.03474999964237213,0.0,0.0017500000540167093
64,D,0.00187265919521451,0.0,0.9961298108100891,0.0,0.0,0.0009987516095861793,0.0,0.0,0.0,0.0,0.0,0.0009987516095861793,0.0,0.0,0.0,0.0,0.0,0.0,0.0,0.0
65,L,0.18227216601371765,0.008988764137029648,0.0,0.0,0.03533083572983742,0.09912609308958054,0.0,0.04032459482550621,0.0,0.3363295793533325,0.041198503226041794,0.0013732834486290812,0.0,0.0,0.1937578022480011,0.016604244709014893,0.0,0.029588015750050545,0.001123595517128706,0.013982522301375866
66,K,0.0021223470102995634,0.0,0.0,0.0,0.0,0.0,0.0,0.0,0.9978776574134827,0.0,0.0,0.0,0.0,0.0,0.0,0.0,0.0,0.0,0.0,0.0
67,F,0.000749063678085804,0.000749063678085804,0.0,0.0,0.29400748014450073,0.0,0.012359550222754478,0.059800248593091965,0.0,0.21460674703121185,0.007240948732942343,0.0,0.0,0.0,0.34394505620002747,0.0,0.03383271023631096,0.02297128550708294,0.0,0.009737827815115452
68,C,0.2098364681005478,0.018474597483873367,0.000748970138374716,0.0,0.027961552143096924,0.316190242767334,0.19485707581043243,0.012607664801180363,0.0009986269287765026,0.034951940178871155,0.022469105198979378,0.08663088083267212,0.0,0.0,0.0,0.024341531097888947,0.0,0.031207090243697166,0.0,0.01872425340116024
69,D,0.0,0.0,0.9912598133087158,0.007616431452333927,0.0,0.0,0.0,0.0,0.0,0.0,0.0,0.0011237357975915074,0.0,0.0,0.0,0.0,0.0,0.0,0.0,0.0
70,I,0.027954574674367905,0.0,0.0,0.0,0.0,0.0,0.0,0.9175090193748474,0.0,0.008361413143575191,0.0,0.0,0.0,0.0,0.0,0.0,0.010358167812228203,0.035816796123981476,0.0,0.0
71,P,0.04357827454805374,0.0,0.01980830729007721,0.001277955248951912,0.0,0.5445367693901062,0.0,0.0,0.0,0.0,0.0,0.0015335463685914874,0.3269009590148926,0.01073482446372509,0.0,0.05073482543230057,0.0,0.0008945686859078705,0.0,0.0
72,S,0.05670103058218956,0.0,0.012446567416191101,0.03633391857147217,0.004651747643947601,0.00251445802859962,0.0241387989372015,0.0,0.011943676508963108,0.0,0.0,0.49170228838920593,0.002011566422879696,0.011817953549325466,0.020367110148072243,0.2550917863845825,0.04702036827802658,0.0,0.0,0.023258738219738007
73,T,0.0,0.0,0.0,0.0,0.0,0.0,0.0,0.022961104288697243,0.0,0.015056462027132511,0.0,0.0,0.0,0.007653701584786177,0.0,0.04316185787320137,0.8910915851593018,0.020075282081961632,0.0,0.0
74,V,0.1991298943758011,0.023244250565767288,0.0006215040339156985,0.011684276163578033,0.0,0.0,0.0,0.011684276163578033,0.0,0.0,0.14555624127388,0.0297078937292099,0.0,0.0,0.0,0.07594779133796692,0.015288999304175377,0.4871348738670349,0.0,0.0
75,E,0.2289021611213684,0.0008712969720363617,0.020662184804677963,0.16355489194393158,0.007592730689793825,0.026387851685285568,0.004107542801648378,0.0043564848601818085,0.20724421739578247,0.028503859415650368,0.002364948857575655,0.010206622071564198,0.0,0.06484939157962799,0.06708987057209015,0.08103062212467194,0.06435150653123856,0.008215085603296757,0.0,0.009708737954497337
76,R,0.184958353638649,0.010411563329398632,0.006614404730498791,0.00685938261449337,0.001224889769218862,0.11918177455663681,0.05071043595671654,0.011513963341712952,0.1430671215057373,0.1042381152510643,0.0640617311000824,0.061489466577768326,0.0,0.06614404916763306,0.07422831654548645,0.05793728679418564,0.0033072023652493954,0.004164624959230423,0.0,0.029887309297919273
77,S,0.220979705452919,0.0,0.0013370609376579523,0.034034278243780136,0.010696487501263618,0.03294031694531441,0.0,0.03670839965343475,0.0,0.0,0.011425793170928955,0.0,0.0,0.2100401073694229,0.0,0.03184635937213898,0.03719460219144821,0.006199100520461798,0.0,0.3665978014469147
78,I,0.36938032507896423,0.05054678022861481,0.0,0.0,0.0066828676499426365,0.008140947669744492,0.0,0.08031591773033142,0.003888213774189353,0.013122721575200558,0.05528553947806358,0.0,0.0,0.0,0.027217496186494827,0.03778857737779617,0.019562575966119766,0.12527339160442352,0.0,0.2027946561574936
79,K,0.08639124780893326,0.0008505467558279634,0.02964762970805168,0.15905225276947021,0.004131227266043425,0.010328068397939205,0.038274604827165604,0.03353584557771683,0.24046172201633453,0.009234507568180561,0.004860267508774996,0.019076548516750336,0.0,0.04252734035253525,0.169380322098732,0.0653705969452858,0.07533414661884308,0.005103280767798424,0.0006075334385968745,0.005832320544868708
80,S,0.3363724648952484,0.01118405070155859,0.012156576849520206,0.05786530673503876,0.03318745270371437,0.11463651806116104,0.009117432869970798,0.005713590886443853,0.03683442622423172,0.005470459349453449,0.008509603329002857,0.045951858162879944,0.011791879311203957,0.026379771530628204,0.02735229767858982,0.20143447816371918,0.027716994285583496,0.02674446813762188,0.0,0.0015803549904376268
81,W,0.22063706815242767,0.002582708140835166,0.0,0.0,0.06530562043190002,0.0,0.025704095140099525,0.1489361673593521,0.0,0.27229124307632446,0.008240069262683392,0.0,0.003689583158120513,0.0,0.0,0.023244373500347137,0.04083138704299927,0.13233304023742676,0.04808756709098816,0.00811708252876997
82,D,0.1860235035419464,0.032900433987379074,0.04019789770245552,0.027210883796215057,0.19666048884391785,0.09573283791542053,0.017563389614224434,0.012368584051728249,0.04959801957011223,0.07297464460134506,0.002597402548417449,0.011255411431193352,0.0,0.011379096657037735,0.019542362540960312,0.08299319446086884,0.03178726136684418,0.02115027792751789,0.0028447741642594337,0.08521953970193863
83,H,0.02455577440559864,0.001480750273913145,0.12672753632068634,0.16942250728607178,0.003578479867428541,0.06441263854503632,0.023445211350917816,0.014684106223285198,0.15609575808048248,0.0011105627054348588,0.0,0.030231984332203865,0.030108587816357613,0.04627344384789467,0.20681145787239075,0.07847975939512253,0.019249754026532173,0.0033316879998892546,0.0,0.0
84,P,0.09331811964511871,0.0,0.04323570430278778,0.00786103680729866,0.04564473032951355,0.0,0.00291619123890996,0.19956891238689423,0.0041841003112494946,0.30315709114074707,0.02751363068819046,0.008494991809129715,0.04944846034049988,0.013820210471749306,0.008748573251068592,0.013186255469918251,0.04957525059580803,0.024470647796988487,0.04919487610459328,0.055661216378211975
85,A,0.13275450468063354,0.0,0.06379766017198563,0.07864602655172348,0.0,0.3172266185283661,0.015100037679076195,0.0,0.09991191327571869,0.012080030515789986,0.0,0.0531018003821373,0.031080910935997963,0.018497547134757042,0.016735875979065895,0.12331697344779968,0.01887504756450653,0.01887504756450653,0.0,0.0
86,I,0.38714829087257385,0.014375230297446251,0.002211573999375105,0.00810910388827324,0.08686570823192596,0.029610516503453255,0.0,0.07359626144170761,0.0,0.013269443064928055,0.003071630373597145,0.0,0.05590367317199707,0.007003317587077618,0.0,0.16353359818458557,0.006511856336146593,0.14878977835178375,0.0,0.0
87,I,0.01476149819791317,0.00243991706520319,0.6266927123069763,0.015493473038077354,0.001219958532601595,0.0029279005248099566,0.09698670357465744,0.01951933652162552,0.026717090979218483,0.0026839086785912514,0.0,0.038428694009780884,0.0034158837515860796,0.006587775889784098,0.04135659337043762,0.028913017362356186,0.009271685034036636,0.001219958532601595,0.05123825743794441,0.010125655680894852
88,G,0.33989787101745605,0.01045465562492609,0.0,0.0,0.07050814479589462,0.030513007193803787,0.0,0.18818381428718567,0.0,0.0832725539803505,0.1008995845913887,0.0,0.0,0.0,0.006929248571395874,0.07573547214269638,0.0,0.016897641122341156,0.001701920758932829,0.07500607520341873
89,F,0.025522606447339058,0.05128828436136246,0.0,0.0,0.03354399651288986,0.003281477838754654,0.0,0.18279047310352325,0.0,0.2238697111606598,0.006684491876512766,0.0,0.0,0.0,0.0,0.0009722897666506469,0.14474964141845703,0.3265678286552429,0.0,0.00072921731043607
90,T,0.003646529745310545,0.0009724079282023013,0.004375835880637169,0.0,0.0,0.0,0.0,0.06551598757505417,0.017989546060562134,0.0,0.0,0.2546493113040924,0.0,0.0,0.0,0.010818038135766983,0.6388720273971558,0.003160325810313225,0.0,0.0
91,V,0.18602673709392548,0.02417982928454876,0.0,0.0,0.007168894167989492,0.0,0.0021871202625334263,0.14799514412879944,0.0069258809089660645,0.06950182467699051,0.010692588053643703,0.0,0.0,0.0,0.0,0.018590522930026054,0.026609962806105614,0.500121533870697,0.0,0.0
92,H,0.04982984811067581,0.0,0.009115216322243214,0.0,0.0,0.011424404568970203,0.47301897406578064,0.017987359315156937,0.0,0.027224112302064896,0.0,0.1883811354637146,0.0,0.0049829850904643536,0.0,0.20709770917892456,0.008385999128222466,0.002552260644733906,0.0,0.0
93,S,0.2068265974521637,0.007160759065300226,0.0,0.0,0.0021482277661561966,0.14011219143867493,0.0,0.09344790875911713,0.0,0.03687790781259537,0.03353622183203697,0.0,0.3295142650604248,0.0,0.0,0.05585392192006111,0.04594820365309715,0.0485738143324852,0.0,0.0
94,C,0.08714184165000916,0.027468623593449593,0.01361591275781393,0.037887755781412125,0.10206014662981033,0.002249585697427392,0.019772673025727272,0.016102297231554985,0.0,0.0678427666425705,0.002249585697427392,0.0184702817350626,0.003196779638528824,0.0009471939411014318,0.0,0.11709684878587723,0.018233483657240868,0.13911910355091095,0.01101112924516201,0.31553396582603455
95,A,0.08930232375860214,0.001976744271814823,0.023139534518122673,0.0036046511959284544,0.0024418605025857687,0.23627907037734985,0.0047674416564404964,0.005697674583643675,0.0,0.16779069602489471,0.14744186401367188,0.0,0.14895348250865936,0.01651162840425968,0.0005813953466713428,0.04755814000964165,0.050465118139982224,0.05348837375640869,0.0,0.0
96,G,0.007441860623657703,0.0,0.06930232793092728,0.013953488320112228,0.0,0.8501162528991699,0.006976744160056114,0.0,0.0058139534667134285,0.0,0.001279069809243083,0.0,0.00546511635184288,0.005348837003111839,0.0,0.011976744048297405,0.017093023285269737,0.0,0.0,0.005232558120042086
97,Y,0.06290069222450256,0.0014515543589368463,0.054554250091314316,0.13826055824756622,0.10850369185209274,0.0071368091739714146,0.004354663193225861,0.008225474506616592,0.08322244882583618,0.09640740603208542,0.007499697618186474,0.011975323781371117,0.04124833643436432,0.0267327930778265,0.06652957201004028,0.09084311127662659,0.0650780200958252,0.05552195385098457,0.0,0.06955364346504211
98,E,0.11969204992055893,0.0,0.2943582236766815,0.13737519085407257,0.0,0.23433177173137665,0.005052327644079924,0.0021652833092957735,0.029832791537046432,0.0009623481309972703,0.022254301235079765,0.020810779184103012,0.004691447131335735,0.02213400788605213,0.035606879740953445,0.044989775866270065,0.021171659231185913,0.004571153782308102,0.0,0.0
99,S,0.09457452595233917,0.0,0.0,0.013478012755513191,0.0,0.04637350142002106,0.01005139946937561,0.12004569172859192,0.0,0.013478012755513191,0.2258138209581375,0.0,0.0,0.0,0.0,0.31056538224220276,0.044888634234666824,0.12073101103305817,0.0,0.0
100,V,0.003769274801015854,0.0030839520040899515,0.0,0.0,0.10474015027284622,0.0,0.0,0.2215876579284668,0.0,0.3238149583339691,0.1158195286989212,0.0,0.0,0.0029697315767407417,0.00205596792511642,0.0,0.00102798396255821,0.22113078832626343,0.0,0.0
101,E,0.09034977853298187,0.0007975390180945396,0.05776461213827133,0.15939387679100037,0.0,0.000911473180167377,0.004557366017252207,0.019824542105197906,0.23778055608272552,0.03429417684674263,0.013444229029119015,0.01936880499124527,0.07667768001556396,0.0684744194149971,0.11028825491666794,0.030078614130616188,0.06391705572605133,0.012077019549906254,0.0,0.0
102,R,0.2682954668998718,0.0012499999720603228,0.028863636776804924,0.03284090757369995,0.0,0.2545454502105713,0.0006818181718699634,0.003409090917557478,0.031022727489471436,0.0024999999441206455,0.001590909087099135,0.004204545635730028,0.28125,0.003636363660916686,0.0229545459151268,0.049204546958208084,0.009999999776482582,0.0037499999161809683,0.0,0.0
103,A,0.27272728085517883,0.025113636627793312,0.0,0.0,0.17170454561710358,0.001931818202137947,0.0,0.12125000357627869,0.0,0.20943181216716766,0.01431818213313818,0.0030681819189339876,0.0,0.0,0.0,0.03999999910593033,0.0229545459151268,0.06181818246841431,0.0,0.05568181723356247
104,L,0.09176711738109589,0.02729133516550064,0.004548555705696344,0.08460313826799393,0.03968615084886551,0.00682283379137516,0.0009097111760638654,0.13361382484436035,0.13634295761585236,0.18740050494670868,0.02001364529132843,0.012735956348478794,0.002274277852848172,0.01887650601565838,0.07755287736654282,0.013873095624148846,0.004093700088560581,0.1371389627456665,0.0,0.0004548555880319327
105,S,0.08301114290952682,0.005230839364230633,0.11587446182966232,0.3879918158054352,0.017284512519836426,0.002842847490683198,0.011143961921334267,0.0013645667349919677,0.07414145767688751,0.011030247434973717,0.0,0.03900386765599251,0.005913122557103634,0.10996133834123611,0.0349101647734642,0.07471002638339996,0.010120537132024765,0.01284966990351677,0.0,0.0026154196821153164
106,A,0.33386507630348206,0.0021649955306202173,0.059024613350629807,0.048997264355421066,0.02028258889913559,0.12123974412679672,0.011736554093658924,0.049225158989429474,0.022219689562916756,0.044211484491825104,0.0011394713073968887,0.032474931329488754,0.0035323610063642263,0.0035323610063642263,0.025979945436120033,0.018345488235354424,0.036007292568683624,0.09651321917772293,0.0031905195210129023,0.06631723046302795
107,T,0.2952272593975067,0.01227272767573595,0.004090908914804459,0.05318181961774826,0.012159090489149094,0.052386362105607986,0.021704545244574547,0.0098863635212183,0.06147727370262146,0.21159091591835022,0.009772727265954018,0.012840908952057362,0.03965909034013748,0.010454545728862286,0.013749999925494194,0.042500000447034836,0.056477271020412445,0.024772727862000465,0.0,0.05579545348882675
108,D,0.03374631330370903,0.0028318583499640226,0.23244838416576385,0.17994099855422974,0.0,0.11728613823652267,0.023952802643179893,0.0034218288492411375,0.11067846417427063,0.005545722786337137,0.002713864203542471,0.07610619813203812,0.0,0.0492035411298275,0.07575221359729767,0.06277286261320114,0.012743363156914711,0.010855456814169884,0.0,0.0
109,K,0.07674171775579453,0.002947070635855198,0.009430626407265663,0.15348343551158905,0.0,0.02169043943285942,0.0037722503766417503,0.01756454072892666,0.2816220819950104,0.02074737660586834,0.016621477901935577,0.025462690740823746,0.010255806148052216,0.055051278322935104,0.20759165287017822,0.018153954297304153,0.052811507135629654,0.022397736087441444,0.0,0.003654367523267865
110,H,0.023508137091994286,0.0033905967138707638,0.01424050610512495,0.055831827223300934,0.021812839433550835,0.35759493708610535,0.05933544412255287,0.012545207515358925,0.0914330929517746,0.018987340852618217,0.012432187795639038,0.08487793803215027,0.011641048826277256,0.008363472297787666,0.03639240562915802,0.032097648829221725,0.07063743472099304,0.016726944595575333,0.04735533520579338,0.020795660093426704
111,V,0.06221304088830948,0.017676766961812973,0.0,0.0,0.0,0.005280073266476393,0.0,0.15886133909225464,0.007001836318522692,0.4375573992729187,0.025596877560019493,0.0,0.0039026630111038685,0.0,0.008608815260231495,0.009182736277580261,0.01859504170715809,0.24552342295646667,0.0,0.0
112,F,0.019206294789910316,0.0,0.0,0.0,0.3166724443435669,0.0,0.0005785028333775699,0.19356705248355865,0.01330556534230709,0.3533495366573334,0.0033553163520991802,0.0,0.0,0.0,0.0,0.0,0.006016429513692856,0.037718385457992554,0.0,0.05623047426342964
113,V,0.1418169140815735,0.0,0.0,0.0,0.034442901611328125,0.15060101449489594,0.0,0.15164123475551605,0.0,0.14493758976459503,0.05848358944058418,0.009361997246742249,0.008668515831232071,0.0,0.0,0.02704576961696148,0.0020804437808692455,0.2694174647331238,0.00150254275649786,0.0
114,V,0.0,0.0,0.0,0.0,0.0,0.0,0.0,0.04114655405282974,0.0,0.5633379817008972,0.0,0.0,0.0,0.0,0.0,0.0,0.00300508551299572,0.37112805247306824,0.001849283347837627,0.019533056765794754
115,V,0.366578072309494,0.06379290670156479,0.0,0.008667513728141785,0.0,0.0026580377016216516,0.0,0.03582572564482689,0.006587310694158077,0.015023691579699516,0.0030047381296753883,0.015370391309261322,0.019068531692028046,0.007742979098111391,0.0,0.03397665545344353,0.27065756916999817,0.15104587376117706,0.0,0.0
116,K,0.09431329369544983,0.003953948151320219,0.03372485190629959,0.15013374388217926,0.0,0.002558436943218112,0.00662867771461606,0.05314571410417557,0.14955227077007294,0.06977555900812149,0.008721944876015186,0.00662867771461606,0.0,0.14048145711421967,0.07349691540002823,0.03384114429354668,0.014769159257411957,0.15827421844005585,0.0,0.0
117,L,0.003017991781234741,0.003714451566338539,0.0,0.0,0.0,0.006035983562469482,0.0,0.0022054556757211685,0.011491584591567516,0.386535108089447,0.23284968733787537,0.0020893788896501064,0.0,0.0,0.0016250725602731109,0.012768426910042763,0.3376668691635132,0.0,0.0,0.0
118,T,0.00336622167378664,0.0,0.0,0.013580963015556335,0.0,0.0,0.0,0.0029019152279943228,0.0,0.003017991781234741,0.014277422800660133,0.0,0.0,0.0008125362801365554,0.0,0.5889727473258972,0.3714451491832733,0.0016250725602731109,0.0,0.0
119,S,0.014390159398317337,0.022977834567427635,0.0,0.033422306180000305,0.0006962980260141194,0.003713589394465089,0.04595566913485527,0.0,0.007427178788930178,0.0,0.0,0.34165021777153015,0.005570384208112955,0.0067308805882930756,0.0,0.5027271509170532,0.014738308265805244,0.0,0.0,0.0
120,M,0.01843905821442604,0.0015075959963724017,0.005334570538252592,0.014959990978240967,0.026788821443915367,0.0,0.0012756581418216228,0.03409486263990402,0.09207931905984879,0.19076886773109436,0.22706714272499084,0.0061463527381420135,0.25014495849609375,0.02655688300728798,0.027020758017897606,0.009741389192640781,0.03687811642885208,0.01971471682190895,0.007653948850929737,0.0038269744254648685
121,E,0.12191358208656311,0.0,0.1945631504058838,0.12547484040260315,0.0,0.2532051205635071,0.03027065470814705,0.0,0.0014245014172047377,0.0,0.0,0.07098765671253204,0.0009496675920672715,0.0,0.0,0.14114435017108917,0.058879390358924866,0.0011870844755321741,0.0,0.0
122,G,0.15921179950237274,0.0012088974472135305,0.0423114113509655,0.15498065948486328,0.005077369511127472,0.24637331068515778,0.006044487468898296,0.0013297871919348836,0.13866053521633148,0.050048355013132095,0.0,0.017045455053448677,0.023694390431046486,0.04025628790259361,0.021518375724554062,0.06491779536008835,0.011242746375501156,0.009671179577708244,0.0,0.006407156586647034
123,S,0.11645036935806274,0.0,0.3222261071205139,0.21162165701389313,0.04185665771365166,0.0016368525102734566,0.0,0.003975213505327702,0.06640944629907608,0.001987606752663851,0.004209049511700869,0.002455278765410185,0.0,0.048287149518728256,0.018473049625754356,0.0904945656657219,0.038115281611680984,0.015900854021310806,0.0,0.015900854021310806
124,L,0.025883175432682037,0.0010493178851902485,0.003381135640665889,0.0022152268793433905,0.04010726511478424,0.0,0.0005829544388689101,0.1296490579843521,0.007345225661993027,0.2987058460712433,0.012591815553605556,0.00268159038387239,0.027632039040327072,0.0,0.0013990906300023198,0.01947067677974701,0.04313862696290016,0.10283315926790237,0.0,0.2813338041305542
125,E,0.04935622215270996,0.003934191539883614,0.04852169752120972,0.12350977957248688,0.033738672733306885,0.008702908642590046,0.0019074869342148304,0.021936099976301193,0.10431569069623947,0.00822603702545166,0.0035765378270298243,0.019432522356510162,0.007391511462628841,0.20267048478126526,0.01001430582255125,0.06843109428882599,0.1981402039527893,0.007033857982605696,0.0,0.07916070520877838
126,D,0.0785774365067482,0.0,0.14165565371513367,0.2809083163738251,0.0,0.025471584871411324,0.02282830700278282,0.0,0.12267211079597473,0.0018022347940132022,0.0,0.019343987107276917,0.03256037458777428,0.13132284581661224,0.04854018986225128,0.02198726497590542,0.0285954587161541,0.006968641187995672,0.03676559031009674,0.0
127,Y,0.15262670814990997,0.018398519605398178,0.0069428374990820885,0.08308261632919312,0.007868548855185509,0.027192778885364532,0.02082851156592369,0.07648692280054092,0.021175654605031013,0.08389262109994888,0.04998842999339104,0.025688497349619865,0.0,0.13827817142009735,0.022217079997062683,0.09176116436719894,0.010298541747033596,0.08736403286457062,0.007521407213062048,0.06838694959878922
128,M,0.18082383275032043,0.09064463526010513,0.0012799627147614956,0.0,0.0034908074885606766,0.06481266021728516,0.0,0.07737956941127777,0.0,0.052943915128707886,0.027810100466012955,0.01163602527230978,0.0,0.003025366459041834,0.0,0.06050733104348183,0.07516872137784958,0.3448917865753174,0.0,0.005585291888564825
129,D,0.11567554622888565,0.0037239613011479378,0.062027230858802795,0.08669847249984741,0.0011637379648163915,0.034213896840810776,0.0030257184989750385,0.06319096684455872,0.08495286852121353,0.10613290220499039,0.013150238431990147,0.02839520573616028,0.004654951859265566,0.048993367701768875,0.045385777950286865,0.01966717094182968,0.026300476863980293,0.24508321285247803,0.004305830225348473,0.0032584662549197674
130,R,0.025981660932302475,0.0009405125747434795,0.08064895123243332,0.25358569622039795,0.001881025149486959,0.003644486190751195,0.04702562838792801,0.006466024089604616,0.177521750330925,0.016458969563245773,0.0005878203664906323,0.06853985786437988,0.01128615066409111,0.04361627250909805,0.15459676086902618,0.039266400039196014,0.053138960152864456,0.007876792922616005,0.0007053844165056944,0.00623089587315917
131,I,0.1611613929271698,0.009991771541535854,0.004937110468745232,0.020336193963885307,0.028799811378121376,0.0015281533123925328,0.0014106030575931072,0.14811332523822784,0.0031738567631691694,0.3143293857574463,0.040319737046957016,0.013283178210258484,0.0,0.03467732295393944,0.04137768968939781,0.05548371747136116,0.00858116801828146,0.025743504986166954,0.015516633167862892,0.07123545557260513
132,E,0.5886783599853516,0.0016476403689011931,0.002000706037506461,0.024126162752509117,0.01741791144013405,0.033658936619758606,0.00929739885032177,0.05378368869423866,0.039072614163160324,0.03860186040401459,0.007414381485432386,0.004825232550501823,0.004472166765481234,0.013416499830782413,0.015534894540905952,0.04872307926416397,0.011062728241086006,0.08626574277877808,0.0,0.0
133,K,0.08250941336154938,0.007768361363559961,0.03648775815963745,0.08604048937559128,0.01565442606806755,0.10628531128168106,0.014830508269369602,0.028954802080988884,0.1663135588169098,0.026129944249987602,0.0021186440717428923,0.03578154370188713,0.0,0.04590395465493202,0.24446798861026764,0.022363465279340744,0.03790018707513809,0.040489643812179565,0.0,0.0
134,L,0.02062833495438099,0.008417309261858463,0.04327208176255226,0.12946058809757233,0.0035566093865782022,0.02371072955429554,0.006520450580865145,0.028097214177250862,0.11132187396287918,0.24422051012516022,0.03414345160126686,0.07374037057161331,0.0,0.0272673387080431,0.045287493616342545,0.06473029404878616,0.02240663953125477,0.04327208176255226,0.04671013727784157,0.023236515000462532
135,N,0.05526791140437126,0.004695966374129057,0.08826008439064026,0.04021673649549484,0.013124623335897923,0.06357616186141968,0.08440698683261871,0.030704395845532417,0.07152318209409714,0.02095123380422592,0.002408187836408615,0.23720650374889374,0.005779650993645191,0.06261288374662399,0.0414208322763443,0.051776040345430374,0.027092114090919495,0.047561708837747574,0.001565322047099471,0.0498494878411293
136,K,0.04800950735807419,0.0023767082020640373,0.08698752522468567,0.12489601969718933,0.0011883541010320187,0.05751634016633034,0.013309566304087639,0.0030897208489477634,0.27308377623558044,0.012834224849939346,0.007605466526001692,0.05228758230805397,0.053000595420598984,0.025430778041481972,0.07355912029743195,0.0644087940454483,0.020677361637353897,0.028401663526892662,0.00582293514162302,0.04551396146416664
137,L,0.17948414385318756,0.06921438872814178,0.12718883156776428,0.11606720089912415,0.0010648367460817099,0.04614292457699776,0.005087553057819605,0.015499290078878403,0.0145527683198452,0.06235210597515106,0.0005915759829804301,0.05489824712276459,0.01999526657164097,0.007453856989741325,0.027804069221019745,0.14209654927253723,0.019048746675252914,0.04129200056195259,0.005679129157215357,0.04448651149868965
138,G,0.004614838398993015,0.0016566086560487747,0.03372382000088692,0.052064843475818634,0.25227785110473633,0.42468348145484924,0.0057981302961707115,0.0023665837943553925,0.050289906561374664,0.0029582297429442406,0.0010649627074599266,0.027570702135562897,0.003786534070968628,0.031120577827095985,0.02153591252863407,0.07513903826475143,0.0023665837943553925,0.002839900553226471,0.0,0.004141521640121937
139,C,0.06064913421869278,0.05046197399497032,0.004264392424374819,0.0016583747928962111,0.009476426988840103,0.002961383666843176,0.002369106747210026,0.08943378180265427,0.0,0.21855010092258453,0.024164889007806778,0.05792466178536415,0.06313669681549072,0.02748163975775242,0.010897891595959663,0.05934612825512886,0.0,0.3076285123825073,0.0,0.00959488283842802
140,D,0.029614653438329697,0.003924833610653877,0.22419124841690063,0.010347288101911545,0.06993339955806732,0.09716936200857162,0.02069457620382309,0.08908182382583618,0.036037106066942215,0.0545908659696579,0.13903425633907318,0.005827783141285181,0.0,0.011179829016327858,0.024262607097625732,0.014985728077590466,0.021408183500170708,0.1227402463555336,0.017126545310020447,0.007849667221307755
141,F,0.07601231336593628,0.0,0.0,0.0,0.03859815374016762,0.7853421568870544,0.0,0.002959981095045805,0.0033151786774396896,0.010419133119285107,0.005801562685519457,0.014799905009567738,0.0,0.004143973346799612,0.012905517593026161,0.0014207909116521478,0.016575893387198448,0.0,0.0013023916399106383,0.02640303038060665
142,V,0.11802776902914047,0.011414450593292713,0.0,0.02094610407948494,0.20604848861694336,0.0,0.002941868733614683,0.08390209823846817,0.0030595434363931417,0.10920216888189316,0.00529536372050643,0.0,0.0,0.0071781594306230545,0.0,0.0061190868727862835,0.0017651212401688099,0.3722052276134491,0.0,0.05189456418156624
143,L,0.010176310315728188,0.0,0.0,0.0,0.0,0.00946633517742157,0.0,0.21121761202812195,0.0,0.017512720078229904,0.0,0.0023665837943553925,0.0,0.0035498756915330887,0.0,0.0016566086560487747,0.0,0.7440539598464966,0.0,0.0
144,P,0.21408216655254364,0.24020422995090485,0.011161244474351406,0.0039183092303574085,0.0,0.11743053793907166,0.0017810496501624584,0.019710281863808632,0.0028496794402599335,0.03289005160331726,0.006293042097240686,0.0,0.019947756081819534,0.012942293658852577,0.0,0.10140109062194824,0.002255996223539114,0.21313227713108063,0.0,0.0
145,G,0.05869746580719948,0.0055959043093025684,0.0,0.0,0.003690915647894144,0.27562806010246277,0.003690915647894144,0.0,0.0020240505691617727,0.002976544899865985,0.0033337301574647427,0.0028574829921126366,0.05214906483888626,0.1827598512172699,0.0013096797047182918,0.3523038327693939,0.040838196873664856,0.012144302949309349,0.0,0.0
146,P,0.4422377943992615,0.0,0.003245067549869418,0.03180165961384773,0.0,0.05075285583734512,0.012461058795452118,0.0049325027503073215,0.006490135099738836,0.0,0.0,0.059319835156202316,0.14732606709003448,0.04880581423640251,0.04828660562634468,0.03543613851070404,0.09293873608112335,0.01596573181450367,0.0,0.0
147,W,0.048627451062202454,0.0037908495869487524,0.0470588244497776,0.021830065175890923,0.007581699173897505,0.004052287433296442,0.06784313917160034,0.0,0.05594771355390549,0.05986928194761276,0.0018300653900951147,0.07372549176216125,0.009019607678055763,0.1317647099494934,0.05098039284348488,0.030457517132163048,0.3334640562534332,0.0026143791619688272,0.03163398802280426,0.017908496782183647
148,A,0.2272229790687561,0.0,0.0058823530562222,0.0,0.024350205436348915,0.0325581394135952,0.0,0.09876880794763565,0.0,0.303693562746048,0.08454172313213348,0.008891928941011429,0.0,0.0,0.0,0.022845417261123657,0.006019151769578457,0.16730506718158722,0.0,0.017920656129717827
149,K,0.1476677507162094,0.0,0.011973060667514801,0.14691942930221558,0.0,0.08081816136837006,0.0026191070210188627,0.0021202294155955315,0.22212521731853485,0.018084309995174408,0.0014966325834393501,0.08880019932985306,0.036168619990348816,0.026939386501908302,0.053255174309015274,0.09915190935134888,0.02469443716108799,0.03242703899741173,0.001621351926587522,0.003117984626442194
150,A,0.12092965096235275,0.005841411650180817,0.08873974531888962,0.06984837353229523,0.00745712174102664,0.11011683195829391,0.008699974976480007,0.12030822783708572,0.0743226483464241,0.049092717468738556,0.03566989675164223,0.014665672555565834,0.010564255528151989,0.020134227350354195,0.13534675538539886,0.0538155622780323,0.044494159519672394,0.01665423810482025,0.006462838500738144,0.006835694890469313
151,L,0.03122289665043354,0.003964812494814396,0.0,0.0013629042077809572,0.0210630651563406,0.0011151034850627184,0.004088712856173515,0.28385576605796814,0.007557923439890146,0.27778467535972595,0.00842522643506527,0.0,0.056994177401065826,0.0032214100938290358,0.02589518018066883,0.008673027157783508,0.018213355913758278,0.23231321573257446,0.0,0.014248544350266457
152,R,0.013067828491330147,0.0018668326083570719,0.03459862992167473,0.07193528115749359,0.004853764548897743,0.011449906975030899,0.003982576075941324,0.009707529097795486,0.18195395171642303,0.0,0.0,0.051275670528411865,0.021406346932053566,0.018294960260391235,0.5040448307991028,0.04965774714946747,0.008338519372045994,0.010703173466026783,0.0,0.0028624767437577248
153,E,0.10650122910737991,0.0012924906332045794,0.057903580367565155,0.2261858582496643,0.005945456679910421,0.05803282931447029,0.0037482227198779583,0.0,0.15755461156368256,0.011373917572200298,0.025203566998243332,0.05454310402274132,0.003618973772972822,0.050665631890296936,0.06100555881857872,0.10908620804548264,0.050407133996486664,0.004006721079349518,0.0,0.012924905866384506
154,K,0.0949898287653923,0.0010172940092161298,0.07235503196716309,0.15233977138996124,0.0008901322726160288,0.03636826202273369,0.011190233752131462,0.14979654550552368,0.10071210563182831,0.10236521065235138,0.0029247202910482883,0.028102746233344078,0.01551373302936554,0.03751271590590477,0.05480671301484108,0.01716683618724346,0.031790439039468765,0.07985758036375046,0.0,0.010300101712346077
155,I,0.12798072397708893,0.05834601819515228,0.007864028215408325,0.00900558102875948,0.13343480229377747,0.002156265778467059,0.014967021532356739,0.07141045480966568,0.0008878741646185517,0.16349568963050842,0.07851344347000122,0.00570776266977191,0.05175038054585457,0.0012683917302638292,0.0030441400595009327,0.07851344347000122,0.04122272878885269,0.09119736403226852,0.0036783358082175255,0.0555555559694767
156,K,0.03260732814669609,0.0013848671223968267,0.12614880502223969,0.06609593331813812,0.0020143522415310144,0.2519199252128601,0.0013848671223968267,0.0,0.11544756591320038,0.001636661239899695,0.002643837360665202,0.02807503379881382,0.25343069434165955,0.042301397770643234,0.018758654594421387,0.045322924852371216,0.007553820963948965,0.0,0.0,0.00327332247979939
157,G,0.06492199003696442,0.00503271259367466,0.21690991520881653,0.058002013713121414,0.022143935784697533,0.06454453617334366,0.04755913466215134,0.009813789278268814,0.07964267581701279,0.03447408229112625,0.0007549069123342633,0.0985153466463089,0.04416205361485481,0.049698036164045334,0.040135882794857025,0.04982385411858559,0.05548565834760666,0.02201811783015728,0.03636134788393974,0.0
158,K,0.10037359595298767,0.02291407249867916,0.19339975714683533,0.059526775032281876,0.006849315017461777,0.021170610561966896,0.02403486892580986,0.022540472447872162,0.05691158026456833,0.1616438329219818,0.043586552143096924,0.05765878036618233,0.022166874259710312,0.0008717310265637934,0.020423412322998047,0.10996264219284058,0.03536737337708473,0.008841843344271183,0.022789539769291878,0.008966376073658466
159,I,0.03925953432917595,0.019878245890140533,0.0,0.0,0.09603677690029144,0.00372717110440135,0.08497949689626694,0.309106707572937,0.009690645150840282,0.2413964420557022,0.01813889853656292,0.0029817367903888226,0.0,0.013293576426804066,0.0149086844176054,0.010560317896306515,0.045347247272729874,0.08237048238515854,0.0,0.008324014954268932
160,L,0.00902821309864521,0.0031347961630672216,0.0,0.0,0.050156738609075546,0.0,0.0,0.13429467380046844,0.0031347961630672216,0.44978055357933044,0.15021944046020508,0.0,0.0,0.0,0.0,0.0,0.0,0.19385579228401184,0.0030094042886048555,0.003385579911991954
161,V,0.08272749930620193,0.030458761379122734,0.0,0.0,0.0,0.0,0.0008774129091762006,0.10441213101148605,0.0,0.02281273528933525,0.011657057330012321,0.002005515154451132,0.0,0.0,0.0,0.08987215161323547,0.47455501556396484,0.18062171339988708,0.0,0.0
162,P,0.00313401035964489,0.0,0.0,0.0,0.0,0.043750785291194916,0.0,0.0,0.0,0.0,0.0,0.0,0.9198946952819824,0.0,0.006769462022930384,0.0007521624793298542,0.025698883458971977,0.0,0.0,0.0
163,G,0.0012537612346932292,0.0,0.0,0.0,0.0,0.9919759035110474,0.0,0.0,0.0,0.0,0.0,0.0,0.0,0.0,0.0,0.006770310923457146,0.0,0.0,0.0,0.0
164,I,0.0,0.0840691477060318,0.0,0.0,0.033453550189733505,0.0,0.0,0.41089415550231934,0.0,0.02910085767507553,0.0029847032856196165,0.0,0.0,0.0,0.0,0.0,0.0,0.38216638565063477,0.0,0.05733117833733559
165,R,0.0012434717500582337,0.0,0.0,0.0,0.0,0.4645610451698303,0.0012434717500582337,0.0,0.09375777095556259,0.0,0.0,0.031211141496896744,0.0031086793169379234,0.06204923987388611,0.32753047347068787,0.004849540069699287,0.003730415366590023,0.0,0.006714747752994299,0.0
166,M,0.3347858488559723,0.0,0.012823705561459064,0.0,0.03585657477378845,0.010333665646612644,0.0026145419105887413,0.02029382437467575,0.0013695219531655312,0.274402379989624,0.031000996008515358,0.0032370518893003464,0.174925297498703,0.005602589808404446,0.0036105578765273094,0.042330678552389145,0.010582669638097286,0.03311752900481224,0.0,0.0031125498935580254
167,E,0.13649962842464447,0.0007479431806132197,0.12627772986888885,0.07442034035921097,0.012091747485101223,0.010471204295754433,0.0007479431806132197,0.003739715786650777,0.036399900913238525,0.0072301169857382774,0.001246571890078485,0.02580403909087181,0.03216155618429184,0.42246323823928833,0.0009972575353458524,0.05609573796391487,0.0179506354033947,0.032535526901483536,0.0,0.002119172364473343
168,V,0.15709510445594788,0.0022789426147937775,0.08173807710409164,0.027043452486395836,0.0016712245997041464,0.3073533773422241,0.0,0.0016712245997041464,0.12230325490236282,0.0016712245997041464,0.0,0.014129444025456905,0.0033424491994082928,0.08280158042907715,0.011850501410663128,0.13612884283065796,0.013217867352068424,0.033576421439647675,0.0,0.0021270131692290306
169,K,0.07296744734048843,0.0,0.06636263430118561,0.06258846074342728,0.0,0.33244219422340393,0.0,0.002673376351594925,0.10551973432302475,0.012737851589918137,0.0033024060539901257,0.04497562348842621,0.009435446001589298,0.028620852157473564,0.014467683620750904,0.11055197566747665,0.1147979274392128,0.01698380336165428,0.0,0.0015725742559880018
170,A,0.18447424471378326,0.000705716316588223,0.27565279603004456,0.004657727666199207,0.007762879133224487,0.10726887732744217,0.008186308667063713,0.027946365997195244,0.07522935420274734,0.04558927193284035,0.004940014332532883,0.047988709062337875,0.03401552513241768,0.015102328732609749,0.01256175059825182,0.03980239853262901,0.05292872339487076,0.05024700239300728,0.0,0.004940014332532883
171,D,0.11616161465644836,0.0,0.1626262664794922,0.06248196214437485,0.0014430014416575432,0.42236652970314026,0.036219336092472076,0.003463203553110361,0.040836941450834274,0.0015873016091063619,0.0014430014416575432,0.06363636255264282,0.0014430014416575432,0.008946608752012253,0.030591631308197975,0.030591631308197975,0.0012987012742087245,0.007070707157254219,0.0,0.007792207878082991
172,D,0.0040351636707782745,0.0015852428041398525,0.659172773361206,0.013114281930029392,0.010952587239444256,0.00360282463952899,0.0,0.0,0.018446462228894234,0.21789883077144623,0.005476293619722128,0.008790891617536545,0.0,0.024643320590257645,0.005043954588472843,0.010520247742533684,0.009367343969643116,0.0,0.007349762134253979,0.0
173,Q,0.02667534165084362,0.0,0.0,0.0017891997704282403,0.0017891997704282403,0.31262198090553284,0.007807416841387749,0.014313598163425922,0.0017891997704282403,0.1476903110742569,0.0,0.0,0.002602472435683012,0.4033832252025604,0.008620689623057842,0.0016265452140942216,0.0019518542103469372,0.0673389732837677,0.0,0.0
174,K,0.0752616748213768,0.0009968433296307921,0.0034889515955001116,0.04651935398578644,0.004485794808715582,0.0,0.012792822904884815,0.013623525388538837,0.31350722908973694,0.0,0.0039873733185231686,0.015617212280631065,0.004485794808715582,0.3432464003562927,0.08788835257291794,0.015451071783900261,0.0056487787514925,0.021265991032123566,0.0,0.031732846051454544
175,D,0.08778310567140579,0.0,0.03868408128619194,0.03190610185265541,0.0,0.009423045441508293,0.0009918995201587677,0.001653165789321065,0.05686890333890915,0.0024797488003969193,0.0,0.0214911550283432,0.0,0.31443214416503906,0.3964291512966156,0.0018184824148193002,0.025293437764048576,0.0,0.0,0.0107455775141716
176,V,0.049422334879636765,0.0,0.0,0.0,0.011874197982251644,0.0,0.0,0.10863286256790161,0.0,0.014922978356480598,0.00256739417091012,0.006739409640431404,0.008183568716049194,0.0,0.0,0.010590500198304653,0.15163671970367432,0.3231707215309143,0.004653401672840118,0.30760589241981506
177,V,0.11667492985725403,0.027268219739198685,0.011072549968957901,0.003470500698313117,0.020161956548690796,0.01024624053388834,0.000991571694612503,0.013386216945946217,0.0211535282433033,0.1414642184972763,0.1793092042207718,0.15699884295463562,0.0,0.045942820608615875,0.09205090254545212,0.008428359404206276,0.02627664804458618,0.12411171942949295,0.0,0.000991571694612503
178,T,0.009736181236803532,0.0025125627871602774,0.04930904507637024,0.04287060350179672,0.002355527598410845,0.038002513349056244,0.011463567614555359,0.0031407035421580076,0.05056532844901085,0.004868090618401766,0.0,0.051978643983602524,0.0,0.011620602570474148,0.01052135694772005,0.06956658512353897,0.6303392052650452,0.00926507543772459,0.001884422148577869,0.0
179,L,0.06665652245283127,0.017957692965865135,0.0,0.0,0.0042611476965248585,0.006696088705211878,0.005630801897495985,0.036219753324985504,0.0016740221763029695,0.04398112744092941,0.001369654550217092,0.04687262326478958,0.531425952911377,0.0,0.00182620610576123,0.019327348098158836,0.0,0.18094658851623535,0.0,0.03515446558594704
180,E,0.13049429655075073,0.0,0.11330798268318176,0.1869201511144638,0.01627376489341259,0.17019011080265045,0.03376425802707672,0.0031939162872731686,0.11513307690620422,0.008973384276032448,0.0030418250244110823,0.01444866880774498,0.012167300097644329,0.05216730013489723,0.0270722433924675,0.0661596953868866,0.01323193870484829,0.01901140622794628,0.0,0.01444866880774498
181,E,0.11506889760494232,0.0010260920971632004,0.10803283751010895,0.23878628015518188,0.009821167215704918,0.002785107120871544,0.023893285542726517,0.0038111989852041006,0.08809733390808105,0.031222514808177948,0.02008208818733692,0.0788625031709671,0.0,0.10451480746269226,0.04280269891023636,0.04368220642209053,0.017736734822392464,0.010114336386322975,0.0,0.0596599243581295
182,M,0.027352940291166306,0.02338235266506672,0.009705882519483566,0.0,0.09617646783590317,0.0027941176667809486,0.003382352879270911,0.24617646634578705,0.03955882415175438,0.12014705687761307,0.08161764591932297,0.055441174656152725,0.0061764707788825035,0.006470588035881519,0.04588235169649124,0.005294117610901594,0.041323527693748474,0.165147066116333,0.00455882353708148,0.019411765038967133
183,K,0.13888494670391083,0.020995885133743286,0.05632004514336586,0.07731593400239944,0.0,0.09902113676071167,0.005816427990794182,0.0046815150417387486,0.1706625074148178,0.05319903418421745,0.0012767768930643797,0.12654277682304382,0.005107107572257519,0.056036315858364105,0.05802241340279579,0.07277628034353256,0.026954177767038345,0.02553553692996502,0.0,0.0008511845371685922
184,G,0.17639540135860443,0.015054679475724697,0.16972021758556366,0.0295412577688694,0.003408606629818678,0.07030251622200012,0.0012782275443896651,0.011077972128987312,0.08180656284093857,0.06135492026805878,0.005681011360138655,0.13961085677146912,0.003266581567004323,0.0147706288844347,0.08904985338449478,0.055673908442258835,0.060076694935560226,0.006675187963992357,0.002272404497489333,0.002982530975714326
185,I,0.004755910020321608,0.0026577142998576164,0.0036368723958730698,0.011190376244485378,0.012868932448327541,0.7560498118400574,0.006294586695730686,0.02587774582207203,0.022100992500782013,0.01944327913224697,0.01860400103032589,0.03301161155104637,0.0029374738223850727,0.017764722928404808,0.0034969926346093416,0.007413624320179224,0.013848090544342995,0.0013987970305606723,0.0033571128733456135,0.033291369676589966
186,A,0.343203604221344,0.025098701938986778,0.0009870276553556323,0.034263961017131805,0.0054991538636386395,0.009870276786386967,0.0023970671463757753,0.011280315928161144,0.0015510434750467539,0.04216017946600914,0.015651438385248184,0.026085730642080307,0.02002255991101265,0.017343485727906227,0.0,0.2401297241449356,0.14326001703739166,0.04371122270822525,0.004653130192309618,0.012831359170377254
187,N,0.01153305172920227,0.0,0.5627285242080688,0.0,0.0,0.17187060415744781,0.007313642650842667,0.012236286886036396,0.050351615995168686,0.0077355834655463696,0.0,0.05668073147535324,0.012376934289932251,0.004641350358724594,0.003938115201890469,0.06343178451061249,0.027566807344555855,0.004641350358724594,0.0029535864014178514,0.0
188,F,0.12362249195575714,0.0,0.0024018085096031427,0.0,0.09056230634450912,0.024865781888365746,0.03178863972425461,0.26179713010787964,0.008335688151419163,0.14721672236919403,0.020768579095602036,0.008900819346308708,0.0,0.005368748214095831,0.005651313811540604,0.00042384854168631136,0.001412828452885151,0.058914948254823685,0.02232269011437893,0.1856456696987152
189,A,0.11170587688684464,0.01366389635950327,0.0,0.03127200901508331,0.0,0.00704324571415782,0.0,0.4234399199485779,0.0,0.2372165024280548,0.03070855140686035,0.0,0.0022538385819643736,0.0,0.0,0.0,0.0,0.14269615709781647,0.0,0.0
190,V,0.0022535212337970734,0.0,0.0,0.0,0.005070422310382128,0.0,0.0,0.4580281674861908,0.0,0.0,0.0,0.026478873565793037,0.0,0.0018309858860448003,0.0,0.0,0.00929577462375164,0.4970422387123108,0.0,0.0
191,L,0.05808543786406517,0.0022557449992746115,0.0,0.0,0.0,0.0,0.0,0.1696038395166397,0.0,0.02692795731127262,0.021852530539035797,0.0,0.0,0.0,0.0,0.16537430882453918,0.009304948151111603,0.5465952157974243,0.0,0.0
192,G,0.009165256284177303,0.0,0.0,0.0,0.0,0.7507050037384033,0.0,0.0,0.0,0.0,0.0,0.0,0.005358150228857994,0.0,0.0,0.23138748109340668,0.003384094685316086,0.0,0.0,0.0
193,R,0.009312826208770275,0.000987724051810801,0.0,0.0,0.0,0.022999858483672142,0.0,0.0,0.0,0.0,0.0,0.0,0.0,0.005361930467188358,0.961337685585022,0.0,0.0,0.0,0.0,0.0
194,E,0.13461266458034515,0.0,0.014956963248550892,0.029067305848002434,0.0,0.3826724886894226,0.015239170752465725,0.004091999493539333,0.0046564131043851376,0.0,0.016650205478072166,0.0,0.24509665369987488,0.001975448103621602,0.0,0.13602370023727417,0.006914068013429642,0.000987724051810801,0.0,0.007055171299725771
195,I,0.0,0.0,0.0,0.0,0.0,0.0,0.0,0.7773388028144836,0.0008466205908916891,0.10004232823848724,0.005361930467188358,0.0,0.0,0.0,0.0,0.0,0.0,0.11641032993793488,0.0,0.0
196,Y,0.03541196510195732,0.0,0.0,0.0,0.045005641877651215,0.0012697516940534115,0.0,0.22883747518062592,0.0038092550821602345,0.13388825953006744,0.013120767660439014,0.0,0.0,0.004373589064925909,0.014531603083014488,0.016930023208260536,0.2768058776855469,0.032731376588344574,0.007477426435798407,0.185807004570961
197,L,0.07350403070449829,0.01222669705748558,0.018268125131726265,0.059119679033756256,0.02373417653143406,0.09680667519569397,0.008630610071122646,0.0,0.24280782043933868,0.05207134783267975,0.006616801023483276,0.04387226700782776,0.003308400511741638,0.11449942737817764,0.037686996161937714,0.046317607164382935,0.05221518874168396,0.0,0.0,0.1083141565322876
198,S,0.6100823283195496,0.0,0.011169900186359882,0.0,0.0,0.09038800746202469,0.0014697236474603415,0.0,0.003086419776082039,0.0,0.0,0.05658436194062233,0.005584950093179941,0.008965314365923405,0.006172839552164078,0.1913580298423767,0.012786596082150936,0.0023515578359365463,0.0,0.0
199,E,0.1346592754125595,0.0,0.10205412656068802,0.11558526009321213,0.0024453862570226192,0.08819693326950073,0.0011411802843213081,0.0022823605686426163,0.05477665364742279,0.015324421226978302,0.0,0.0179328341037035,0.14134332537651062,0.01467231847345829,0.11053146421909332,0.13547439873218536,0.020867297425866127,0.009618519805371761,0.01075970008969307,0.02233452908694744
200,N,0.002078669611364603,0.005756315775215626,0.5914614796638489,0.03229932859539986,0.0,0.007355292793363333,0.0044771344400942326,0.0,0.028781579807400703,0.0,0.0,0.248161181807518,0.0030380557291209698,0.0046370322816073895,0.019987208768725395,0.04653022065758705,0.002878157887607813,0.0,0.0,0.0025583626702427864
201,P,0.02318316325545311,0.0004932588199153543,0.014633344486355782,0.009043077938258648,0.008220979943871498,0.03140414506196976,0.0009865176398307085,0.04307793453335762,0.021045709028840065,0.012824729084968567,0.0,0.02811575122177601,0.7165406346321106,0.007398881949484348,0.03271950036287308,0.007070042658597231,0.002795133274048567,0.03354159742593765,0.0,0.006905623245984316
202,R,0.1321134865283966,0.0,0.02081584744155407,0.08594930171966553,0.0013429578393697739,0.04247104376554489,0.0013429578393697739,0.04885009303689003,0.1129763275384903,0.08192043006420135,0.0028537854086607695,0.01225449051707983,0.06832297891378403,0.05321470648050308,0.09316769987344742,0.029209334403276443,0.009400704875588417,0.19254659116268158,0.0,0.011247271671891212
203,E,0.22125107049942017,0.0010282776784151793,0.050728362053632736,0.23239074647426605,0.0034275921061635017,0.041645243763923645,0.006169665604829788,0.005998286418616772,0.1136246770620346,0.009768637828528881,0.001542416401207447,0.022279348224401474,0.0,0.08157669007778168,0.014224506914615631,0.07694943994283676,0.028449013829231262,0.08329048752784729,0.0008568980265408754,0.004798628855496645
204,K,0.4268872141838074,0.0,0.005806792061775923,0.2542671263217926,0.03360901027917862,0.0,0.0,0.009502023458480835,0.0432869978249073,0.004575048573315144,0.003695231396704912,0.06264296919107437,0.0047510117292404175,0.012493401765823364,0.0024634876754134893,0.04258314147591591,0.040295619517564774,0.04979764297604561,0.0,0.003343304619193077
205,I,0.4980406165122986,0.006768792401999235,0.0,0.0,0.01799073815345764,0.05842536687850952,0.0,0.08781617134809494,0.0,0.13982899487018585,0.0010687566827982664,0.0,0.011578197591006756,0.0,0.0,0.02974706143140793,0.026362664997577667,0.05860349163413048,0.008550053462386131,0.05521909520030022
206,K,0.05643092840909958,0.0018321729730814695,0.022352509200572968,0.3237449526786804,0.0,0.0018321729730814695,0.014657383784651756,0.007695126347243786,0.2555881142616272,0.024734335020184517,0.002198607660830021,0.016855990514159203,0.0,0.09344082325696945,0.14822278916835785,0.013374862261116505,0.011176254600286484,0.0027482593432068825,0.0009160864865407348,0.002198607660830021
207,R,0.14820359647274017,0.0018712574383243918,0.027320358902215958,0.08083832263946533,0.0,0.04491018131375313,0.0,0.003368263365700841,0.12350299209356308,0.027133233845233917,0.023016467690467834,0.025449100881814957,0.0,0.054266467690467834,0.3465568721294403,0.05857035890221596,0.034992516040802,0.0,0.0,0.0
208,I,0.019794294610619545,0.01571899838745594,0.0,0.0,0.04288763925433159,0.0,0.0,0.34523579478263855,0.0,0.07762468606233597,0.017077431082725525,0.0,0.0,0.0,0.0,0.0,0.0,0.0617116242647171,0.0,0.4199495315551758
209,K,0.014773473143577576,0.0,0.0,0.00820748507976532,0.0,0.0,0.01050558127462864,0.006894287653267384,0.14543664455413818,0.0,0.0,0.0883125439286232,0.0,0.1808929741382599,0.5390676259994507,0.003282994031906128,0.00262639531865716,0.0,0.0,0.0
210,E,0.0,0.0,0.0,0.9137930870056152,0.0,0.0,0.0,0.0,0.08620689809322357,0.0,0.0,0.0,0.0,0.0,0.0,0.0,0.0,0.0,0.0,0.0
211,M,0.0,0.0,0.0,0.0,0.0,0.0,0.0,0.0,0.0,0.0,1.0,0.0,0.0,0.0,0.0,0.0,0.0,0.0,0.0,0.0
212,R,0.0,0.0,0.0,0.0,0.0,0.0,0.0,0.0,0.0,0.0,0.0,0.0,0.0,0.0,1.0,0.0,0.0,0.0,0.0,0.0
213,L,0.0,0.0,0.0,0.0,0.0,0.0,0.0,0.0,0.0,1.0,0.0,0.0,0.0,0.0,0.0,0.0,0.0,0.0,0.0,0.0
